anes,frequency_hz,metric,group_mean,group_sd,n_mice
deep,40,eeg_rel_delta,-32.95563890390474,8.675217786003396,3
deep,40,heart_rate_hr_bpm,2.02597020067479,1.8813835754690178,3
deep,40,pupil_diameter_mm,31.73513450494677,8.646904196380989,3
deep,40,respiration_resp_bpm,37.21224284038154,12.973655605621238,3
deep,100,eeg_rel_delta,-20.613123301778113,13.157136536057747,4
deep,100,heart_rate_hr_bpm,1.1434765967117677,1.1460335417093412,4
deep,100,pupil_diameter_mm,29.55273185674706,9.345666609704095,4
deep,100,respiration_resp_bpm,28.5541170931086,5.552613040358512,4
light,40,eeg_rel_delta,-23.209152694976677,11.301800399861504,4
light,40,heart_rate_hr_bpm,1.226495184297653,1.2332793754036806,4
light,40,pupil_diameter_mm,57.88909429389105,8.58978879524382,4
light,40,respiration_resp_bpm,12.506346171266289,8.59882117952886,4
light,100,eeg_rel_delta,-10.452792022538423,15.566043998267522,4
light,100,heart_rate_hr_bpm,0.5520806700609977,0.9691313871608568,4
light,100,pupil_diameter_mm,32.3096147169376,8.726800970573773,4
light,100,respiration_resp_bpm,10.173689622760142,5.412375285616609,4
