mouse,anes,frequency_hz,metric,mean_change_0_10s
NGexp10,deep,40,eeg_rel_delta,-32.35387519965894
NGexp10,deep,40,heart_rate_hr_bpm,4.197023122195784
NGexp10,deep,40,pupil_diameter_mm,25.56709420623506
NGexp10,deep,40,respiration_resp_bpm,22.402350869453482
NGexp10,deep,100,eeg_rel_delta,-30.118931305406715
NGexp10,deep,100,heart_rate_hr_bpm,2.8301521726116254
NGexp10,deep,100,pupil_diameter_mm,26.872163615139694
NGexp10,deep,100,respiration_resp_bpm,24.893460046045522
NGexp10,light,40,eeg_rel_delta,-10.261618052242277
NGexp10,light,40,heart_rate_hr_bpm,1.8019671882950825
NGexp10,light,40,pupil_diameter_mm,68.69634598145676
NGexp10,light,40,respiration_resp_bpm,7.778789391901387
NGexp10,light,100,eeg_rel_delta,-16.62156845641648
NGexp10,light,100,heart_rate_hr_bpm,0.5691065090741225
NGexp10,light,100,pupil_diameter_mm,31.285103466785134
NGexp10,light,100,respiration_resp_bpm,6.272688238957
NGexp12,deep,100,eeg_rel_delta,-19.55215698174061
NGexp12,deep,100,heart_rate_hr_bpm,0.8811287745812639
NGexp12,deep,100,pupil_diameter_mm,35.53378045337661
NGexp12,deep,100,respiration_resp_bpm,24.52659065435829
NGexp12,light,40,eeg_rel_delta,-20.97918905299317
NGexp12,light,40,heart_rate_hr_bpm,-0.32456391225454
NGexp12,light,40,pupil_diameter_mm,60.886315235487444
NGexp12,light,40,respiration_resp_bpm,4.517160415540859
NGexp12,light,100,eeg_rel_delta,-6.321797089927906
NGexp12,light,100,heart_rate_hr_bpm,-0.8156565111155686
NGexp12,light,100,pupil_diameter_mm,41.057859223486574
NGexp12,light,100,respiration_resp_bpm,6.99305853606511
NGexp13,deep,40,eeg_rel_delta,-24.596970307662623
NGexp13,deep,40,heart_rate_hr_bpm,0.8733537480306046
NGexp13,deep,40,pupil_diameter_mm,41.61881724420313
NGexp13,deep,40,respiration_resp_bpm,42.66371381183903
NGexp13,deep,100,eeg_rel_delta,-2.3873633113931367
NGexp13,deep,100,heart_rate_hr_bpm,0.3534571388581962
NGexp13,deep,100,pupil_diameter_mm,38.23737144242412
NGexp13,deep,100,respiration_resp_bpm,36.47981837399575
NGexp13,light,40,eeg_rel_delta,-37.704509491395825
NGexp13,light,40,heart_rate_hr_bpm,0.8926754950966788
NGexp13,light,40,pupil_diameter_mm,50.60498107184486
NGexp13,light,40,respiration_resp_bpm,24.098479209232863
NGexp13,light,100,eeg_rel_delta,-27.732944672040684
NGexp13,light,100,heart_rate_hr_bpm,1.096208493774911
NGexp13,light,100,pupil_diameter_mm,36.227906589180904
NGexp13,light,100,respiration_resp_bpm,18.043041035605025
NGexp9,deep,40,eeg_rel_delta,-41.91607120439267
NGexp9,deep,40,heart_rate_hr_bpm,1.007533731797982
NGexp9,deep,40,pupil_diameter_mm,28.019492064402126
NGexp9,deep,40,respiration_resp_bpm,46.57066383985211
NGexp9,deep,100,eeg_rel_delta,-30.394041608571992
NGexp9,deep,100,heart_rate_hr_bpm,0.5091683007959855
NGexp9,deep,100,pupil_diameter_mm,17.56761191604781
NGexp9,deep,100,respiration_resp_bpm,28.316599298034852
NGexp9,light,40,eeg_rel_delta,-23.891294183275438
NGexp9,light,40,heart_rate_hr_bpm,2.535901966053391
NGexp9,light,40,pupil_diameter_mm,51.36873488677512
NGexp9,light,40,respiration_resp_bpm,13.630955668390047
NGexp9,light,100,eeg_rel_delta,8.865142128231376
NGexp9,light,100,heart_rate_hr_bpm,1.358664188510526
NGexp9,light,100,pupil_diameter_mm,20.66758958829779
NGexp9,light,100,respiration_resp_bpm,9.385970680413433
