mouse,date,anes,filename,amp,isi_s,duration_s,min_iso,max_iso,break end,notes
NGexp9,05/07/2026,light,pupil_anesthesia-260705-130101,4,120,1,1.1,1.1,09/07/2026,
NGexp9,05/07/2026,deep,pupil_anesthesia-260705-150656,4,120,1,1.3,1.4,09/07/2026,
NGexp10,05/07/2026,light,pupil_anesthesia-260705-161427,4,120,1,1.1,1.1,09/07/2026,
NGexp10,05/07/2026,deep,pupil_anesthesia-260705-165436,4,120,1,1.4,1.4,09/07/2026,
NGexp12,06/07/2026,light,pupil_anesthesia-260706-142109,4,120,1,0.9,1.1,10/07/2026,
NGexp12,06/07/2026,light,pupil_anesthesia-260706-150055,4,120,1,1,1,10/07/2026,
NGexp12,06/07/2026,deep,pupil_anesthesia-260706-153452,4,120,1,1.2,1.3,10/07/2026,
NGexp13,06/07/2026,light,pupil_anesthesia-260706-165443,4,120,1,1.1,1.2,10/07/2026,
NGexp13,06/07/2026,deep,pupil_anesthesia-260706-173532,4,120,1,1.5,1.6,10/07/2026,
NGexp13,29/06/2026,light,pupil_anesthesia-260629-152742,4,120,1,0.8,1,03/07/2026,
NGexp13,29/06/2026,deep,pupil_anesthesia-260629-161150,4,120,1,1.4,1.4,03/07/2026,
NGexp10,30/06/2026,light,pupil_anesthesia-260630-104745,4,120,1,1.1,1.2,04/07/2026,
NGexp10,30/06/2026,deep,pupil_anesthesia-260630-114842,4,120,1,1.3,1.3,04/07/2026,
NGexp9,30/06/2026,light,pupil_anesthesia-260630-152605,4,120,1,1.1,1.1,04/07/2026,
NGexp9,30/06/2026,deep,pupil_anesthesia-260630-162920,4,120,1,1.3,1.3,04/07/2026,
