mouse,anes,frequency_hz,metric,n_trials,n_recordings
NGexp10,deep,40,eeg_rel_delta,7,2
NGexp10,deep,40,eeg_supp_mask,7,2
NGexp10,deep,40,heart_rate_hr_bpm,7,2
NGexp10,deep,40,pupil_diameter_mm,7,2
NGexp10,deep,40,respiration_resp_bpm,7,2
NGexp10,deep,100,eeg_rel_delta,8,2
NGexp10,deep,100,eeg_supp_mask,8,2
NGexp10,deep,100,heart_rate_hr_bpm,8,2
NGexp10,deep,100,pupil_diameter_mm,8,2
NGexp10,deep,100,respiration_resp_bpm,8,2
NGexp10,light,40,eeg_rel_delta,7,2
NGexp10,light,40,eeg_supp_mask,7,2
NGexp10,light,40,heart_rate_hr_bpm,7,2
NGexp10,light,40,pupil_diameter_mm,7,2
NGexp10,light,40,respiration_resp_bpm,7,2
NGexp10,light,100,eeg_rel_delta,9,2
NGexp10,light,100,eeg_supp_mask,9,2
NGexp10,light,100,heart_rate_hr_bpm,9,2
NGexp10,light,100,pupil_diameter_mm,9,2
NGexp10,light,100,respiration_resp_bpm,9,2
NGexp12,deep,100,eeg_rel_delta,3,1
NGexp12,deep,100,eeg_supp_mask,3,1
NGexp12,deep,100,heart_rate_hr_bpm,3,1
NGexp12,deep,100,pupil_diameter_mm,3,1
NGexp12,deep,100,respiration_resp_bpm,3,1
NGexp12,light,40,eeg_rel_delta,8,2
NGexp12,light,40,eeg_supp_mask,8,2
NGexp12,light,40,heart_rate_hr_bpm,8,2
NGexp12,light,40,pupil_diameter_mm,8,2
NGexp12,light,40,respiration_resp_bpm,8,2
NGexp12,light,100,eeg_rel_delta,9,2
NGexp12,light,100,eeg_supp_mask,9,2
NGexp12,light,100,heart_rate_hr_bpm,9,2
NGexp12,light,100,pupil_diameter_mm,9,2
NGexp12,light,100,respiration_resp_bpm,9,2
NGexp13,deep,40,eeg_rel_delta,6,1
NGexp13,deep,40,eeg_supp_mask,6,1
NGexp13,deep,40,heart_rate_hr_bpm,10,2
NGexp13,deep,40,pupil_diameter_mm,10,2
NGexp13,deep,40,respiration_resp_bpm,10,2
NGexp13,deep,100,eeg_rel_delta,6,1
NGexp13,deep,100,eeg_supp_mask,6,1
NGexp13,deep,100,heart_rate_hr_bpm,9,2
NGexp13,deep,100,pupil_diameter_mm,9,2
NGexp13,deep,100,respiration_resp_bpm,9,2
NGexp13,light,40,eeg_rel_delta,9,2
NGexp13,light,40,eeg_supp_mask,9,2
NGexp13,light,40,heart_rate_hr_bpm,9,2
NGexp13,light,40,pupil_diameter_mm,9,2
NGexp13,light,40,respiration_resp_bpm,9,2
NGexp13,light,100,eeg_rel_delta,10,2
NGexp13,light,100,eeg_supp_mask,10,2
NGexp13,light,100,heart_rate_hr_bpm,10,2
NGexp13,light,100,pupil_diameter_mm,10,2
NGexp13,light,100,respiration_resp_bpm,10,2
NGexp9,deep,40,eeg_rel_delta,6,1
NGexp9,deep,40,eeg_supp_mask,6,1
NGexp9,deep,40,heart_rate_hr_bpm,10,2
NGexp9,deep,40,pupil_diameter_mm,10,2
NGexp9,deep,40,respiration_resp_bpm,10,2
NGexp9,deep,100,eeg_rel_delta,6,1
NGexp9,deep,100,eeg_supp_mask,6,1
NGexp9,deep,100,heart_rate_hr_bpm,9,2
NGexp9,deep,100,pupil_diameter_mm,9,2
NGexp9,deep,100,respiration_resp_bpm,9,2
NGexp9,light,40,eeg_rel_delta,7,2
NGexp9,light,40,eeg_supp_mask,7,2
NGexp9,light,40,heart_rate_hr_bpm,7,2
NGexp9,light,40,pupil_diameter_mm,7,2
NGexp9,light,40,respiration_resp_bpm,7,2
NGexp9,light,100,eeg_rel_delta,9,2
NGexp9,light,100,eeg_supp_mask,9,2
NGexp9,light,100,heart_rate_hr_bpm,9,2
NGexp9,light,100,pupil_diameter_mm,9,2
NGexp9,light,100,respiration_resp_bpm,9,2
