recording,mouse,anes,trial_id,nominal_frequency_hz,amplitude_sd,hf_index,saturated_frac,flat_frac,z_amplitude_sd,z_hf_index,verdict
NGexp9-260607-162633_pupil_anesthesia-260705-130101,NGexp9,light,stim_00,40,0.5457275391968767,0.22706185329581136,0.0,0.0,0.0,-0.38536258992180966,ok
NGexp9-260607-162633_pupil_anesthesia-260705-130101,NGexp9,light,stim_01,100,0.45227459497855843,0.4390329869669407,0.0,0.0,-0.2640843961411805,0.6745,ok
NGexp9-260607-162633_pupil_anesthesia-260705-130101,NGexp9,light,stim_03,40,0.45575674807284633,0.2789811927856892,0.0,0.0,-0.25424433914920497,-0.12576419713241252,ok
NGexp9-260607-162633_pupil_anesthesia-260705-130101,NGexp9,light,stim_04,40,1.474706143197271,0.11687257706188964,0.0105125,0.0,2.6251581019470196,-0.9363125691396653,ok
NGexp9-260607-162633_pupil_anesthesia-260705-130101,NGexp9,light,stim_05,40,0.5009795955653563,0.30413386794838515,0.0004,0.0,-0.12645116503641704,0.0,ok
NGexp9-260607-162633_pupil_anesthesia-260705-130101,NGexp9,light,stim_06,100,2.606490252757038,0.255927484664481,0.0280875,0.0,5.823414996208553,-0.2410334905190955,inspect
NGexp9-260607-162633_pupil_anesthesia-260705-130101,NGexp9,light,stim_07,40,1.4840299418694272,0.5880956247856934,0.0028125,0.0,2.651505797706354,1.4198180564872251,ok
NGexp9-260607-162633_pupil_anesthesia-260705-130101,NGexp9,light,stim_08,100,0.9539615195690409,1.1848651089813131,0.0002,0.0,1.1536097133444987,4.403684963984065,inspect
NGexp9-260607-162633_pupil_anesthesia-260705-130101,NGexp9,light,stim_09,100,4.329710945369455,0.20521359042488857,0.0632625,0.0,10.692985450440803,-0.4946046176952481,inspect
NGexp9-260607-162633_pupil_anesthesia-260705-130101,NGexp9,light,stim_10,100,0.3070386511129422,0.6733283047108805,0.0,1.250015625195315e-05,-0.6745,1.8459842392451045,ok
NGexp9-260607-162633_pupil_anesthesia-260705-130101,NGexp9,light,stim_11,100,0.3183855881084642,0.6494092524534184,0.0,0.0,-0.642435210286001,1.7263881969207733,ok
NGexp9-260607-162633_pupil_anesthesia-260705-150656,NGexp9,deep,stim_00,100,1.703050745938298,0.48246634423300994,0.02065,0.0,0.9609404886902218,0.2409265584848027,inspect
NGexp9-260607-162633_pupil_anesthesia-260705-150656,NGexp9,deep,stim_01,100,1.471508139695248,0.5208909721773913,0.00695,0.0,0.45220026861404977,0.75468567951695,ok
NGexp9-260607-162633_pupil_anesthesia-260705-150656,NGexp9,deep,stim_02,40,1.7194256563740595,0.41999773062708307,0.0208,0.0,0.9969190745495877,-0.59431432048305,inspect
NGexp9-260607-162633_pupil_anesthesia-260705-150656,NGexp9,deep,stim_03,100,1.3818212218000898,0.5400807896355766,0.0060875,0.0,0.25514218462564797,1.0112644488509088,ok
NGexp9-260607-162633_pupil_anesthesia-260705-150656,NGexp9,deep,stim_04,40,1.6333665647138202,0.4233137060076056,0.0146375,0.0,0.8078319689789266,-0.549977844425886,ok
NGexp9-260607-162633_pupil_anesthesia-260705-150656,NGexp9,deep,stim_05,40,1.5660389254935863,0.4453566591513999,0.0109,1.250015625195315e-05,0.6599011904933618,-0.25525102889234713,ok
NGexp9-260607-162633_pupil_anesthesia-260705-150656,NGexp9,deep,stim_06,100,1.1365563969473436,0.5720037240163942,0.0034875,0.0,-0.2837481863393944,1.4380922305537098,ok
NGexp9-260607-162633_pupil_anesthesia-260705-150656,NGexp9,deep,stim_07,100,1.0714741707767563,0.5789606525215248,0.003275,0.0,-0.42674539364523384,1.5311103198648919,ok
NGexp9-260607-162633_pupil_anesthesia-260705-150656,NGexp9,deep,stim_08,100,0.9520694308562111,0.5790553369638767,0.0027,0.0,-0.6890988095066382,1.5323763046897416,ok
NGexp9-260607-162633_pupil_anesthesia-260705-150656,NGexp9,deep,stim_09,40,1.14957582794496,0.4464280025560764,0.0077,0.0,-0.2551421846256484,-0.2409265584848027,ok
NGexp9-260607-162633_pupil_anesthesia-260705-150656,NGexp9,deep,stim_10,40,0.9286078175212439,0.42458388486085735,0.0047625,0.0,-0.740648139995059,-0.532994831027687,ok
NGexp9-260607-162633_pupil_anesthesia-260705-150656,NGexp9,deep,stim_11,40,0.7529201192493221,0.363433408802118,0.003875,0.0,-1.1266652093102076,-1.3506114615936355,ok
NGexp10-260610-112701_pupil_anesthesia-260705-161427,NGexp10,light,stim_00,100,1.0070132235661033,0.10048130303443964,0.005775,0.0,0.17045730559994235,1.1365049070323534,ok
NGexp10-260610-112701_pupil_anesthesia-260705-161427,NGexp10,light,stim_01,100,1.000494746448034,0.09803354017767632,0.0093875,0.0,0.0,0.26219225853643935,ok
NGexp10-260610-112701_pupil_anesthesia-260705-161427,NGexp10,light,stim_02,100,0.9747011155991652,0.10063971394613276,0.0067875,0.0,-0.6745000000000001,1.1930874568371186,ok
NGexp10-260610-112701_pupil_anesthesia-260705-161427,NGexp10,light,stim_04,40,1.0515599203735344,0.09129853885847444,0.0056375,0.0,1.3353474745204565,-2.143472499691503,ok
NGexp10-260610-112701_pupil_anesthesia-260705-161427,NGexp10,light,stim_05,40,1.0671551935566572,0.09541113671295742,0.0064,0.0,1.743161784326229,-0.6745,ok
NGexp10-260610-112701_pupil_anesthesia-260705-161427,NGexp10,light,stim_06,40,1.0973706660036946,0.09541979410321921,0.0076875,0.0,2.5332923512456373,-0.6714076800933005,ok
NGexp10-260610-112701_pupil_anesthesia-260705-161427,NGexp10,light,stim_07,100,1.013216371943324,0.09463425419625994,0.002725,0.0,0.3326688067627899,-0.9519934707695112,ok
NGexp10-260610-112701_pupil_anesthesia-260705-161427,NGexp10,light,stim_08,40,0.9971273428495778,0.09624504318872842,0.0037625,0.0,-0.08805715412719121,-0.37663822903035576,ok
NGexp10-260610-112701_pupil_anesthesia-260705-161427,NGexp10,light,stim_09,100,0.9667450972272645,0.09767568609778024,0.0033375,0.0,-0.8825488172948441,0.13437091035946463,ok
NGexp10-260610-112701_pupil_anesthesia-260705-161427,NGexp10,light,stim_10,100,0.9770248809965612,0.09729949558518364,0.001275,0.0,-0.6137338453734084,0.0,ok
NGexp10-260610-112701_pupil_anesthesia-260705-161427,NGexp10,light,stim_11,40,0.9163893052034198,0.10665189794616739,0.0016625,0.0,-2.1993460498788235,3.3405702090126095,ok
NGexp10-260610-112701_pupil_anesthesia-260705-165436,NGexp10,deep,stim_00,40,1.1052988496834801,0.08410548680700342,0.0041,0.0,-4.272051334710452,0.5470294206488543,inspect
NGexp10-260610-112701_pupil_anesthesia-260705-165436,NGexp10,deep,stim_01,100,1.24523935036751,0.08108357791471404,0.0086625,0.0,2.731090780526028,-0.12758386324202584,ok
NGexp10-260610-112701_pupil_anesthesia-260705-165436,NGexp10,deep,stim_03,40,1.2073712819220108,0.08859094059735327,0.004575,0.0,0.8360320687373984,1.5483656022159566,ok
NGexp10-260610-112701_pupil_anesthesia-260705-165436,NGexp10,deep,stim_05,100,1.2458056626839877,0.08222659368404502,0.0047875,0.0,2.759431151001451,0.12758386324202894,ok
NGexp10-260610-112701_pupil_anesthesia-260705-165436,NGexp10,deep,stim_06,100,1.181347827358363,0.0806847458927406,0.0050125,0.0,-0.46627819703845075,-0.21661943302735634,ok
NGexp10-260610-112701_pupil_anesthesia-260705-165436,NGexp10,deep,stim_07,100,1.189526681620123,0.08874594773038828,0.004875,0.0,-0.056977969763721006,1.5829695147660927,ok
NGexp10-260610-112701_pupil_anesthesia-260705-165436,NGexp10,deep,stim_08,40,1.1829737720817475,0.08524748767311388,0.0037375,0.0,-0.3849098875517657,0.8019705793511457,ok
NGexp10-260610-112701_pupil_anesthesia-260705-165436,NGexp10,deep,stim_09,100,1.1679135688844378,0.08088406050141699,0.0052,0.0,-1.1385783592205605,-0.17212428526506496,ok
NGexp10-260610-112701_pupil_anesthesia-260705-165436,NGexp10,deep,stim_10,40,1.1918038096536514,0.07694677475637512,0.0065375,0.0,0.0569779697637099,-1.051087007422836,ok
NGexp10-260610-112701_pupil_anesthesia-260705-165436,NGexp10,deep,stim_11,40,1.2009156429520524,0.0772151364191636,0.0076125,0.0,0.5129679312626015,-0.9911777417708878,ok
NGexp12-260706-140202_pupil_anesthesia-260706-142109,NGexp12,light,stim_03,100,1.4021262331913746,0.08294587163300435,0.008275,0.0,0.4521998991448924,-1.0937259876520058,ok
NGexp12-260706-140202_pupil_anesthesia-260706-142109,NGexp12,light,stim_04,100,1.3185892699015032,0.08949993654202969,0.00625,0.0,-0.335300920226322,-0.4080250585101598,ok
NGexp12-260706-140202_pupil_anesthesia-260706-142109,NGexp12,light,stim_05,100,1.402889458243615,0.09269209025111637,0.0072125,0.0,0.4593948022193363,-0.07405479811952306,ok
NGexp12-260706-140202_pupil_anesthesia-260706-142109,NGexp12,light,stim_06,100,1.3897257563025491,0.0941077510241229,0.0042625,0.0,0.33530092022632413,0.07405479811952306,ok
NGexp12-260706-140202_pupil_anesthesia-260706-142109,NGexp12,light,stim_08,40,1.4532262772746933,0.07923875434965447,0.0087,0.0,0.9339187096058628,-1.4815728889132918,ok
NGexp12-260706-140202_pupil_anesthesia-260706-142109,NGexp12,light,stim_09,40,1.259789463035971,0.10015988329150807,0.00265,0.0,-0.8896051977806636,0.7072424117058069,ok
NGexp12-260706-140202_pupil_anesthesia-260706-142109,NGexp12,light,stim_10,40,1.200926678924062,0.09953396641586243,0.001775,0.0,-1.4445031602281384,0.641757588294193,ok
NGexp12-260706-140202_pupil_anesthesia-260706-142109,NGexp12,light,stim_11,40,1.0696728502680426,0.10712349337547325,0.0003625,0.0,-2.6818296507010873,1.4357908730097302,ok
NGexp12-260706-140202_pupil_anesthesia-260706-150055,NGexp12,light,stim_00,40,1.160962134064211,0.09108456238140442,0.0031625,0.0,-0.22678086022608604,-0.21990114755232282,ok
NGexp12-260706-140202_pupil_anesthesia-260706-150055,NGexp12,light,stim_01,40,1.1787188070302377,0.0913795244679467,0.00335,0.0,0.1787894633258381,-0.18555085662862925,ok
NGexp12-260706-140202_pupil_anesthesia-260706-150055,NGexp12,light,stim_02,40,1.287809671959568,0.08718097314090677,0.0116875,0.0,2.6704734330986803,-0.6745,ok
NGexp12-260706-140202_pupil_anesthesia-260706-150055,NGexp12,light,stim_04,100,1.1708910498061766,0.10934414017229718,0.0045125,0.0,0.0,1.906547768691928,ok
NGexp12-260706-140202_pupil_anesthesia-260706-150055,NGexp12,light,stim_05,100,1.1413601023475624,0.1100856484091455,0.0028625,0.0,-0.6745,1.9929013199453824,ok
NGexp12-260706-140202_pupil_anesthesia-260706-150055,NGexp12,light,stim_07,40,1.174923171704215,0.09259578590961996,0.0039625,0.0,0.09209546100877102,-0.04390914650071239,ok
NGexp12-260706-140202_pupil_anesthesia-260706-150055,NGexp12,light,stim_08,100,1.3133557525045694,0.09297282881440676,0.0096125,0.0,3.2539572969926964,0.0,ok
NGexp12-260706-140202_pupil_anesthesia-260706-150055,NGexp12,light,stim_10,100,1.1267372889435074,0.11802168943554173,0.00355,0.0,-1.0084915745967014,2.9171059227630396,ok
NGexp12-260706-140202_pupil_anesthesia-260706-150055,NGexp12,light,stim_11,100,1.125124620609545,0.1131215862516465,0.0028,0.0,-1.045325638007027,2.3464564135462367,ok
NGexp12-260706-140202_pupil_anesthesia-260706-153452,NGexp12,deep,stim_04,100,1.2906550725308603,0.10484557007580138,0.0040125,0.0,0.25458040705838997,-0.06216328275691904,ok
NGexp12-260706-140202_pupil_anesthesia-260706-153452,NGexp12,deep,stim_05,100,1.2515558009631025,0.10704802480593341,0.0045125,0.0,-1.09441959294161,0.06216328275691904,ok
NGexp12-260706-140202_pupil_anesthesia-260706-153452,NGexp12,deep,stim_07,40,1.2758976100083899,0.08315038540225012,0.0053375,0.0,-0.25458040705838997,-1.286836717243081,ok
NGexp12-260706-140202_pupil_anesthesia-260706-153452,NGexp12,deep,stim_08,100,1.3295463047754197,0.2115102955285741,0.0071625,0.0,1.5964026506516402,5.958963415372638,inspect
NGexp13-260629-144155_pupil_anesthesia-260706-165443,NGexp13,light,stim_00,40,0.8369850276951998,0.12331698633037724,0.0092375,0.0,2.7569838657081474,-2.111244618113057,ok
NGexp13-260629-144155_pupil_anesthesia-260706-165443,NGexp13,light,stim_01,100,0.9297475283672001,0.10423003606721427,0.0155625,0.0,4.9651555069478865,-6.57120330085451,inspect
NGexp13-260629-144155_pupil_anesthesia-260706-165443,NGexp13,light,stim_02,100,0.8153267014788258,0.12813629775367888,0.0075,0.0,2.2414166763670353,-0.9851385859371563,ok
NGexp13-260629-144155_pupil_anesthesia-260706-165443,NGexp13,light,stim_03,100,0.7235983141442534,0.1314485216757178,0.0020875,0.0,0.0578616606925145,-0.21118666399017408,ok
NGexp13-260629-144155_pupil_anesthesia-260706-165443,NGexp13,light,stim_04,40,0.6940909476673369,0.12753832273472826,0.00155,0.0,-0.6445485739386687,-1.1248646207966064,ok
NGexp13-260629-144155_pupil_anesthesia-260706-165443,NGexp13,light,stim_05,40,0.6711919808082853,0.13386893109562645,0.0018375,0.0,-1.189648682986386,0.3543791209715306,ok
NGexp13-260629-144155_pupil_anesthesia-260706-165443,NGexp13,light,stim_06,40,0.6915745045356049,0.13470186465019177,0.0010875,0.0,-0.7044514260613314,0.5490068214481123,ok
NGexp13-260629-144155_pupil_anesthesia-260706-165443,NGexp13,light,stim_07,100,0.7068820024320785,0.13779606206594341,0.00135,0.0,-0.3400629877542461,1.2720135061321056,ok
NGexp13-260629-144155_pupil_anesthesia-260706-165443,NGexp13,light,stim_08,100,0.73665674941927,0.13577599211538782,0.0025375,0.0,0.36871212552867894,0.7999931785518877,ok
NGexp13-260629-144155_pupil_anesthesia-260706-165443,NGexp13,light,stim_09,40,0.6580171003127641,0.13329097814169066,0.0005125,0.0,-1.5032710764770565,0.21933154869924762,ok
NGexp13-260629-144155_pupil_anesthesia-260706-165443,NGexp13,light,stim_10,100,0.7397013416319819,0.13240798214642993,0.00165,0.0,0.441187340562194,0.01300599110142348,ok
NGexp13-260629-144155_pupil_anesthesia-260706-165443,NGexp13,light,stim_11,40,0.7187369236267489,0.1322966606195124,0.0015125,0.0,-0.05786166069251715,-0.013005991101416994,ok
NGexp13-260629-144155_pupil_anesthesia-260706-173532,NGexp13,deep,stim_00,40,1.0064000435474099,0.1031781653446112,0.0045,0.0,-0.1583570185295196,-0.6691325687818032,ok
NGexp13-260629-144155_pupil_anesthesia-260706-173532,NGexp13,deep,stim_01,100,0.7782998023563521,0.12460087460372296,0.0030125,0.0,-2.620421166047512,1.0063121968853008,ok
NGexp13-260629-144155_pupil_anesthesia-260706-173532,NGexp13,deep,stim_02,100,0.7355001912775684,0.13695576860435732,0.003175,0.0,-3.0823908133155493,1.9725738509723256,ok
NGexp13-260629-144155_pupil_anesthesia-260706-173532,NGexp13,deep,stim_03,40,0.9443056423404257,0.09781522240498715,0.0025875,0.0,-0.828590413176658,-1.0885619961285211,ok
NGexp13-260629-144155_pupil_anesthesia-260706-173532,NGexp13,deep,stim_04,40,1.2302393074407019,0.09812738685729033,0.0078625,0.0,2.2577150713587306,-1.0641479833483096,ok
NGexp13-260629-144155_pupil_anesthesia-260706-173532,NGexp13,deep,stim_05,100,0.9812182727649874,0.11750132322595029,0.00585,0.0,-0.4301635483721938,0.4510646765738998,ok
NGexp13-260629-144155_pupil_anesthesia-260706-173532,NGexp13,deep,stim_06,40,1.0115393302592417,0.10304090636620504,0.0039375,0.0,-0.10288468105654705,-0.6798674312181968,ok
NGexp13-260629-144155_pupil_anesthesia-260706-173532,NGexp13,deep,stim_07,100,1.1328250895408003,0.10906928325722758,0.0054375,0.0,1.206247295185,-0.2083952011949892,ok
NGexp13-260629-144155_pupil_anesthesia-260706-173532,NGexp13,deep,stim_08,40,1.1222004250950104,0.10351424345739825,0.006075,1.250015625195315e-05,1.0915669893913824,-0.6428482968853884,ok
NGexp13-260629-144155_pupil_anesthesia-260706-173532,NGexp13,deep,stim_09,100,1.040778512294105,0.12332507729707207,0.0054875,0.0,0.21271665901608694,0.9065335977535749,ok
NGexp13-260629-144155_pupil_anesthesia-260706-173532,NGexp13,deep,stim_10,100,1.0692850120603157,0.11648567239376938,0.004875,0.0,0.5204095868233419,0.371631825670638,ok
NGexp13-260629-144155_pupil_anesthesia-260706-173532,NGexp13,deep,stim_11,40,1.030603025725927,0.11439848287953418,0.0049,0.0,0.10288468105654944,0.2083952011949892,ok
NGexp13-260629-144155_pupil_anesthesia-260629-152742,NGexp13,light,stim_00,40,1.0475643329078759,0.27001302509094144,0.0060375,0.0,0.0,0.1503295458777696,ok
NGexp13-260629-144155_pupil_anesthesia-260629-152742,NGexp13,light,stim_02,100,1.085124910739431,0.24330625212406448,0.0063875,0.0,0.6745,-2.3014919631793447,ok
NGexp13-260629-144155_pupil_anesthesia-260629-152742,NGexp13,light,stim_03,100,1.0631358284812598,0.25421190713890246,0.0072,0.0,0.2796275875027609,-1.3002957659113705,ok
NGexp13-260629-144155_pupil_anesthesia-260629-152742,NGexp13,light,stim_05,40,1.0031933877137909,0.26837554167824584,0.00565,0.0,-0.7967982459595525,0.0,ok
NGexp13-260629-144155_pupil_anesthesia-260629-152742,NGexp13,light,stim_07,100,1.0671649399314764,0.2627485814426477,0.0054875,0.0,0.3519809917916594,-0.5165843942792907,ok
NGexp13-260629-144155_pupil_anesthesia-260629-152742,NGexp13,light,stim_09,40,0.9879617630935671,0.27572261743380766,0.00435,0.0,-1.0703225472206968,0.6745,ok
NGexp13-260629-144155_pupil_anesthesia-260629-152742,NGexp13,light,stim_11,100,0.8938954880887611,0.3045920340058156,0.00195,0.0,-2.759532515589141,3.3248635086487996,ok
NGexp13-260629-144155_pupil_anesthesia-260629-161150,NGexp13,deep,stim_01,40,1.1679280913864276,0.3764243741546143,0.00455,0.0,-0.6745,-0.23955373139692332,ok
NGexp13-260629-144155_pupil_anesthesia-260629-161150,NGexp13,deep,stim_03,100,1.185496963388769,0.3816703526841694,0.004375,0.0,1.8992825293941307,0.6745,ok
NGexp13-260629-144155_pupil_anesthesia-260629-161150,NGexp13,deep,stim_04,100,1.1735702711107567,0.3777992317679217,0.00485,0.0,0.15206095395565042,0.0,ok
NGexp13-260629-144155_pupil_anesthesia-260629-161150,NGexp13,deep,stim_05,100,1.1725322893053438,0.37673272269758895,0.0047,0.0,0.0,-0.18582740852143403,ok
NGexp13-260629-144155_pupil_anesthesia-260629-161150,NGexp13,deep,stim_07,40,1.1708545312526268,0.38680495399134907,0.004575,0.0,-0.24578609053886644,1.5691474823756446,ok
NGexp13-260629-144155_pupil_anesthesia-260629-161150,NGexp13,deep,stim_08,40,1.1565654244354062,0.3954724073430135,0.0042,0.0,-2.339093701972747,3.079355355542367,ok
NGexp13-260629-144155_pupil_anesthesia-260629-161150,NGexp13,deep,stim_11,40,1.1973888738189487,0.36734535336751784,0.0051875,0.0,3.6414086774039096,-1.821472677714009,inspect
NGexp10-260610-112701_pupil_anesthesia-260630-104745,NGexp10,light,stim_01,100,0.9634100718454659,0.26793565852123435,0.0012,0.0,0.0,-1.1872607404781228,ok
NGexp10-260610-112701_pupil_anesthesia-260630-104745,NGexp10,light,stim_04,100,0.9657036920947061,0.29319192609141065,0.0034375,0.0,0.6745,0.6745,ok
NGexp10-260610-112701_pupil_anesthesia-260630-104745,NGexp10,light,stim_06,40,0.9781285248570728,0.2840417962676885,0.003125,0.0,4.328352332788143,0.0,inspect
NGexp10-260610-112701_pupil_anesthesia-260630-104745,NGexp10,light,stim_09,40,0.9526591043199116,0.27340800679518223,0.0026375,0.0,-3.161607767627882,-0.7838676759110503,ok
NGexp10-260610-112701_pupil_anesthesia-260630-104745,NGexp10,light,stim_11,100,0.9611969241811548,0.2889159319043338,0.0064375,0.0,-0.6508348973952318,0.35929593899246953,ok
NGexp10-260610-112701_pupil_anesthesia-260630-114842,NGexp10,deep,stim_00,40,1.2656619525172417,0.19474115613393633,0.00915,0.0,2.74553437875631,-1.3557618778163802,ok
NGexp10-260610-112701_pupil_anesthesia-260630-114842,NGexp10,deep,stim_02,100,1.2020456083647677,0.23097574443749266,0.0053,0.0,0.07263568828803278,0.0,ok
NGexp10-260610-112701_pupil_anesthesia-260630-114842,NGexp10,deep,stim_08,40,1.168797350259768,0.2563645361092946,0.0057875,0.0,-1.3243201841872188,0.9499530002683301,ok
NGexp10-260610-112701_pupil_anesthesia-260630-114842,NGexp10,deep,stim_10,100,1.200316842152879,0.24900267837821735,0.0039625,0.0,0.0,0.6745,ok
NGexp10-260610-112701_pupil_anesthesia-260630-114842,NGexp10,deep,stim_11,100,1.1842634001410808,0.22693193040652246,0.0048625,0.0,-0.6745,-0.1513042968292896,ok
NGexp9-260607-162633_pupil_anesthesia-260630-152605,NGexp9,light,stim_00,40,0.3510495407511322,0.46822588424519185,0.0,0.0,-0.6745,-1.5056903784600368,ok
NGexp9-260607-162633_pupil_anesthesia-260630-152605,NGexp9,light,stim_04,100,0.3898020462942902,0.690303898280707,0.0,0.0,0.0,0.6745,ok
NGexp9-260607-162633_pupil_anesthesia-260630-152605,NGexp9,light,stim_08,40,0.3779417319452518,0.4482475910902996,0.0,0.0,-0.2064326400654836,-1.7018218266968912,ok
NGexp9-260607-162633_pupil_anesthesia-260630-152605,NGexp9,light,stim_10,100,0.44013059180191694,0.621598145816668,0.0,0.0,0.8759847516720813,0.0,ok
NGexp9-260607-162633_pupil_anesthesia-260630-152605,NGexp9,light,stim_11,100,0.4406695298090775,0.6228497161827775,0.0,0.0,0.885365143487649,0.012286950970848512,ok
NGexp9-260607-162633_pupil_anesthesia-260630-162920,NGexp9,deep,stim_01,40,0.5966750062701434,0.1896583544143072,0.001375,0.0,0.4065288994192105,-0.8859214399737052,ok
NGexp9-260607-162633_pupil_anesthesia-260630-162920,NGexp9,deep,stim_02,40,0.56909084203826,0.1990431713599514,0.0008125,0.0,-0.6745,-0.8082000667269985,ok
NGexp9-260607-162633_pupil_anesthesia-260630-162920,NGexp9,deep,stim_04,100,0.5969509168958682,0.29663292517984663,0.00145,0.0,0.41734189188684695,0.0,ok
NGexp9-260607-162633_pupil_anesthesia-260630-162920,NGexp9,deep,stim_05,100,0.5863017776426654,0.30599023164828365,0.0014625,0.0,0.0,0.07749354226400378,ok
NGexp9-260607-162633_pupil_anesthesia-260630-162920,NGexp9,deep,stim_07,40,1.1193584009032225,0.4942067598798682,0.0181125,0.0,20.890595412907892,1.6362290111189237,inspect
NGexp9-260607-162633_pupil_anesthesia-260630-162920,NGexp9,deep,stim_09,100,0.5539632544409789,0.32290123154189804,0.0011625,1.250015625195315e-05,-1.2673531759629781,0.21754381093937245,ok
NGexp9-260607-162633_pupil_anesthesia-260630-162920,NGexp9,deep,stim_11,40,0.5390235497999675,0.2151873875444803,0.000325,0.0,-1.8528431813862092,-0.6745,ok
