mouse,anes,nominal_frequency_hz,metric,peak,latency_to_peak_s,mean_0_10,auc_0_10,auc_0_30,return_s
NGexp10,deep,40,eeg_bsr,0.7468699999999999,-0.0,0.31044299009900983,3.0989437000000004,10.5560548,6.699999999999999
NGexp10,deep,40,eeg_rel_delta,-0.7064633357195684,7.0,-0.32936839015569086,-3.295073726446695,-6.316216883229854,1.5999999999999996
NGexp10,deep,40,heart_rate_hr_bpm,7.283091794380766,11.4,3.3135764545335444,33.18807257732154,155.6069531354598,27.65
NGexp10,deep,40,hrv_sdnn_ms,1.531283668923516,9.0,0.7324395991468547,7.327448113619082,5.7778448921861205,3.55
NGexp10,deep,40,pupil_diameter_mm,44.99762635915232,3.0,28.926290967177177,290.71471143328904,265.97741919810977,9.7
NGexp10,deep,40,respiration_resp_bpm,42.4118526428102,3.7,24.683579616915505,248.41800962748815,382.78112822749824,11.899999999999999
NGexp10,deep,40,rr_variability_ms,74.61651119721554,6.6,45.24533599933079,454.28267974664175,687.9336680775859,8.200000000000001
NGexp10,deep,100,eeg_bsr,0.808,12.05,0.28216886138613867,2.8076179999999997,14.252612599999999,13.700000000000003
NGexp10,deep,100,eeg_rel_delta,-0.6748380588047127,5.449999999999999,-0.2623738898060811,-2.630703284398872,-3.7998276312703467,1.85
NGexp10,deep,100,heart_rate_hr_bpm,6.13962257687553,20.799999999999997,2.1394539622970026,21.45086078783448,103.17113312826737,29.5
NGexp10,deep,100,hrv_sdnn_ms,1.1171850021063383,10.25,0.28307676477654564,2.823014094785558,-0.6506292701288989,3.6999999999999993
NGexp10,deep,100,pupil_diameter_mm,44.8559968773515,3.1,29.120611400486418,292.809233263533,469.67313230209226,14.3
NGexp10,deep,100,respiration_resp_bpm,42.93202726902052,1.85,25.84179528063222,260.22011803148376,371.6441015232001,10.350000000000001
NGexp10,deep,100,rr_variability_ms,76.51178025106591,5.35,56.186835665116455,565.8351193514342,882.1316262919462,11.2
NGexp10,light,40,eeg_bsr,0.0,-0.0,0.0,0.0,0.0,4.2
NGexp10,light,40,eeg_rel_delta,-0.4583200399278634,12.7,-0.033139034947476664,-0.3234611725857784,-1.2167248879903378,1.6000000000000014
NGexp10,light,40,heart_rate_hr_bpm,1.9908380315715333,6.8,0.5694586495778444,5.73703501798337,28.703852178855534,9.799999999999999
NGexp10,light,40,hrv_sdnn_ms,0.2859706671558634,7.5,0.15244077915837592,1.5288588060547648,1.115778671496109,4.5
NGexp10,light,40,pupil_diameter_mm,58.10831305486436,4.2,47.038057127009665,472.04408593935153,978.2288135386474,15.9
NGexp10,light,40,respiration_resp_bpm,17.90575294254138,3.3,7.129127410481168,71.73703738080886,141.40868381759822,4.0
NGexp10,light,40,rr_variability_ms,23.12784107549372,5.7,14.866168259801837,149.2034739968055,258.9454776795819,9.5
NGexp10,light,100,eeg_bsr,0.0,-0.0,0.0,0.0,0.0,15.400000000000002
NGexp10,light,100,eeg_rel_delta,-0.3904888059913421,13.6,-0.09975323249958384,-0.9940671163023204,-1.516681631433279,1.0
NGexp10,light,100,heart_rate_hr_bpm,0.6800971452825927,18.7,0.4829516003296792,4.80758595874137,18.4460031613079,1.25
NGexp10,light,100,hrv_sdnn_ms,0.3253548667143991,11.7,0.06406558813664266,0.6406804770337309,1.6108941676567614,4.5
NGexp10,light,100,pupil_diameter_mm,30.718498453723736,2.6,16.712876062538967,167.6642713486443,268.52157426785647,10.25
NGexp10,light,100,respiration_resp_bpm,16.18581713590506,2.5,6.982526409473957,70.52832218594651,51.34122586154436,3.6999999999999997
NGexp10,light,100,rr_variability_ms,23.337402430193364,5.9,17.076112863141468,171.50446425224533,294.3027687877618,7.3999999999999995
NGexp12,deep,40,eeg_bsr,1.0,29.2,0.18795065346534653,1.8666916,10.7485814,4.599999999999998
NGexp12,deep,40,eeg_rel_delta,-0.7205396575065501,9.5,-0.41570413509505527,-4.175654927837319,-7.772029061962008,1.6999999999999993
NGexp12,deep,40,heart_rate_hr_bpm,7.611702122427514,29.5,3.2094191051717478,32.276624235427775,78.35446660142219,1.1999999999999993
NGexp12,deep,40,hrv_sdnn_ms,3.5348430122902537,7.3,1.9424207686227457,19.47514522084563,46.042804552543295,10.599999999999998
NGexp12,deep,40,pupil_diameter_mm,-33.64542825507723,27.8,-1.9481915213502314,-18.997570343348315,-575.9026365533563,
NGexp12,deep,40,respiration_resp_bpm,59.80275435903929,3.4,34.06880051289042,342.8791556384942,339.85374220223565,10.0
NGexp12,deep,40,rr_variability_ms,149.94988352405235,16.5,34.891225303281665,487.2052537439848,2066.9131700104845,14.8
NGexp12,deep,100,eeg_bsr,0.6116,12.2,0.13312897029702964,1.3191576000000003,6.1396372,9.9
NGexp12,deep,100,eeg_rel_delta,-0.4908199379580296,19.8,-0.14391419986232326,-1.434535010202627,-2.713366496047995,0.8999999999999986
NGexp12,deep,100,heart_rate_hr_bpm,-5.177289181012238,12.1,1.1813276320925634,11.939187756007998,-1.2146420678490841,0.9000000000000004
NGexp12,deep,100,hrv_sdnn_ms,1.165316929758721,17.9,0.6771224896201344,6.798610296710492,5.058159813454519,6.600000000000001
NGexp12,deep,100,pupil_diameter_mm,57.80205890761035,2.7,21.598240176389968,217.7229905919987,275.595071980633,6.2
NGexp12,deep,100,respiration_resp_bpm,38.81991931190528,7.8,18.08981033107055,182.24034473836977,245.0722711679618,5.800000000000001
NGexp12,deep,100,rr_variability_ms,57.68875632665415,10.5,37.307240358872306,375.260141659713,640.7469876619471,9.8
NGexp12,light,40,eeg_bsr,0.21660000000000001,18.3,0.00012752475247524702,0.0007354999999999975,1.4989999999999999,4.5
NGexp12,light,40,eeg_rel_delta,-0.46170570135424127,17.05,-0.10699957752857041,-1.0847094474836414,-1.839136075259332,1.0499999999999998
NGexp12,light,40,heart_rate_hr_bpm,-1.922364186676086,10.0,0.4642284680473274,4.651359818345241,26.431792441549486,2.1000000000000005
NGexp12,light,40,hrv_sdnn_ms,1.7117588356762374,10.4,1.4619421099393761,14.680630671016733,19.292854571968185,5.1499999999999995
NGexp12,light,40,pupil_diameter_mm,126.15946577882562,3.0,66.50530582341135,668.7357009893226,1713.465144162642,35.15
NGexp12,light,40,respiration_resp_bpm,16.534575124219902,3.1500000000000004,4.105045626292072,41.362281628860096,-25.80624272950584,2.5999999999999996
NGexp12,light,40,rr_variability_ms,17.729334778715625,11.55,8.917303954979669,89.4982894805452,174.9861708999391,3.9499999999999993
NGexp12,light,100,eeg_bsr,0.396,-0.0,0.00016095049504950495,0.0008506000000000001,1.567667,7.300000000000001
NGexp12,light,100,eeg_rel_delta,-0.4609628411316053,7.1,-0.054457760685107146,-0.5481505812615581,-1.7775779364261795,0.7000000000000011
NGexp12,light,100,heart_rate_hr_bpm,-6.762747533217089,2.3,-1.046468067659234,-10.724407917578539,42.24480531152668,0.9000000000000004
NGexp12,light,100,hrv_sdnn_ms,1.9083777112410676,11.5,1.6027836120390684,16.10087395554383,18.81454209228634,7.949999999999999
NGexp12,light,100,pupil_diameter_mm,98.7139958477723,3.1,50.09137320050792,503.65146736308026,927.8859285448312,10.5
NGexp12,light,100,respiration_resp_bpm,19.13870932510268,2.7,6.926112031822285,69.99896587983557,108.4839626659537,6.999999999999999
NGexp12,light,100,rr_variability_ms,19.19328104590147,6.5,10.918264297819613,109.6815612172097,172.10988480192378,5.300000000000001
NGexp13,deep,40,eeg_bsr,0.896089,12.45,0.291410603960396,2.9056553499999995,12.3719213,16.800000000000004
NGexp13,deep,40,eeg_rel_delta,-0.6127441180928357,8.35,-0.16533757954785272,-1.668579337712762,-3.566802081960722,0.8499999999999994
NGexp13,deep,40,heart_rate_hr_bpm,-0.0825315843845692,4.9,0.2741554358782285,2.789170747272103,-10.444910129388864,2.3999999999999986
NGexp13,deep,40,hrv_sdnn_ms,1.647713419973678,7.5,0.6560712801547632,6.593516343801597,11.742975313001155,7.9
NGexp13,deep,40,pupil_diameter_mm,54.0021494136313,3.7,37.58165101410194,377.4026770885028,1141.1230775766162,26.700000000000003
NGexp13,deep,40,respiration_resp_bpm,60.183949683473074,2.1500000000000004,37.5729918567467,378.4669358492996,734.6262519928868,22.0
NGexp13,deep,40,rr_variability_ms,126.87207175375836,5.5,89.98446630128082,801.1625459024114,1078.3959605919563,6.299999999999999
NGexp13,deep,100,eeg_bsr,1.0,10.6,0.47482669306930697,4.754444599999999,14.612708600000001,7.799999999999998
NGexp13,deep,100,eeg_rel_delta,-0.5443024553259805,2.1,-0.07416647000150492,-0.7416779799253018,-1.4858558429154587,1.200000000000001
NGexp13,deep,100,heart_rate_hr_bpm,-1.3200633185827175,6.8,0.10273575229729262,1.0081207430592398,-5.243378930089224,1.3000000000000003
NGexp13,deep,100,hrv_sdnn_ms,0.4920026919731438,9.9,0.24121215761223752,2.410740873510116,2.6744267924419263,4.6499999999999995
NGexp13,deep,100,pupil_diameter_mm,71.21802956322496,3.1,38.83270372192917,390.5582300518113,924.8802275844286,23.099999999999998
NGexp13,deep,100,respiration_resp_bpm,62.04686601370959,2.1,38.022563006864225,382.67818746122066,615.5360703803835,9.799999999999999
NGexp13,deep,100,rr_variability_ms,123.1743808607818,5.2,89.28532516743999,898.1042806997912,1222.6072220108108,9.0
NGexp13,light,40,eeg_bsr,0.0,-0.0,0.0,0.0,0.0,7.5
NGexp13,light,40,eeg_rel_delta,-0.4398176327485532,14.1,-0.2498604443912745,-2.5281249180010694,-2.7659417263702046,1.0
NGexp13,light,40,heart_rate_hr_bpm,2.2901294322061605,6.7,0.7141527003145138,7.157516509541386,22.144075786301897,9.7
NGexp13,light,40,hrv_sdnn_ms,0.5720801231310413,8.4,0.4473259829013963,4.489964679965745,4.881994037813593,5.799999999999999
NGexp13,light,40,pupil_diameter_mm,62.69723070589186,10.2,38.60976687096381,387.7798397514403,1465.6266695171103,29.699999999999996
NGexp13,light,40,respiration_resp_bpm,36.22821043245453,2.4,22.715213302808312,228.60765407951587,511.9767675945658,18.049999999999997
NGexp13,light,40,rr_variability_ms,50.94461854633681,5.3,39.4450925087574,312.4295339077651,506.13677441677385,5.2
NGexp13,light,100,eeg_bsr,0.1136,8.25,9.223762376237574e-05,0.000499099999999995,0.9049991000000001,12.35
NGexp13,light,100,eeg_rel_delta,-0.49542112442712916,4.15,-0.1889582695319991,-1.8980739439997945,-3.1422566087826436,1.5500000000000007
NGexp13,light,100,heart_rate_hr_bpm,1.6389086224422114,9.75,0.7766314792092629,7.788277191962829,14.917554206488791,10.25
NGexp13,light,100,hrv_sdnn_ms,0.6776271888305705,9.6,0.20702539401499626,2.0808081730188563,3.687786966038667,5.25
NGexp13,light,100,pupil_diameter_mm,62.01554063058486,2.45,43.21762879049919,434.37450456747706,922.8115435920203,19.25
NGexp13,light,100,respiration_resp_bpm,30.653970539254324,1.7,14.029027594067141,141.46064491269036,216.57373317875923,9.55
NGexp13,light,100,rr_variability_ms,40.281721406313025,5.0,31.786229689940033,319.5628093256229,409.3994824511434,7.3
NGexp9,deep,40,eeg_bsr,0.6421,16.8,0.1421486138613861,1.4095435,7.0907722,9.650000000000002
NGexp9,deep,40,eeg_rel_delta,-0.8172757674204677,0.5,-0.2533280577081093,-2.5280593252582353,-4.367859743719853,0.8999999999999999
NGexp9,deep,40,heart_rate_hr_bpm,0.34935557870330036,19.6,0.4889518572963081,4.963808481743593,5.124966492586165,3.3
NGexp9,deep,40,hrv_sdnn_ms,0.4734555568844143,10.25,0.345572385838093,3.476901019550402,2.8971392331691304,8.8
NGexp9,deep,40,pupil_diameter_mm,52.067952803522715,9.2,30.84188054367326,310.0175880015812,700.3868224973372,13.6
NGexp9,deep,40,respiration_resp_bpm,54.317666587482044,2.7,28.40937507621592,286.07463793567274,671.4353503196346,20.450000000000003
NGexp9,deep,40,rr_variability_ms,123.53448690073408,5.3,89.89177662454314,904.8739878984852,1349.1420917448,5.300000000000001
NGexp9,deep,100,eeg_bsr,0.6198,16.6,0.14362540594059406,1.4110415999999997,7.7420304,7.599999999999998
NGexp9,deep,100,eeg_rel_delta,-0.6949921135394527,14.0,-0.16612778020686875,-1.6752639020084488,-4.493430046302208,1.1000000000000005
NGexp9,deep,100,heart_rate_hr_bpm,-2.891372193701426,2.3,0.5604781123595484,5.6555342901758685,12.528708725853855,0.8999999999999986
NGexp9,deep,100,hrv_sdnn_ms,1.4411859773897686,10.6,0.33126455202844174,3.333301535326124,8.060054020557821,5.6499999999999995
NGexp9,deep,100,pupil_diameter_mm,27.81283211551863,4.2,16.962958544740093,170.82101930713088,207.22158699176106,12.200000000000001
NGexp9,deep,100,respiration_resp_bpm,44.6159378010827,1.8,22.804892937224224,230.12394877293326,267.0313049952287,7.000000000000001
NGexp9,deep,100,rr_variability_ms,104.36129412845585,5.1,76.89544440904095,774.0208040857174,1079.3134433964137,10.55
NGexp9,light,40,eeg_bsr,0.0,-0.0,0.0,0.0,0.0,1.1
NGexp9,light,40,eeg_rel_delta,-0.5190884953699635,0.8,-0.17144912605032728,-1.7198599168589084,-3.771510066207715,3.9000000000000004
NGexp9,light,40,heart_rate_hr_bpm,4.933459032202621,2.3,2.0612825995209816,20.70528744065579,25.342800503063543,3.6999999999999993
NGexp9,light,40,hrv_sdnn_ms,1.623172360684333,6.9,1.1269045306469745,11.335808919457756,17.83606443788438,8.0
NGexp9,light,40,pupil_diameter_mm,80.73519559863695,2.9,63.27566799859894,637.5569760119308,894.5480791103029,16.4
NGexp9,light,40,respiration_resp_bpm,22.33512710648809,3.5,11.545305088687469,116.28404505780898,152.0821539095047,12.200000000000001
NGexp9,light,40,rr_variability_ms,43.16861857576588,6.7,24.037701768626487,258.33217957151413,278.362346969239,7.7
NGexp9,light,100,eeg_bsr,0.0,-0.0,0.0,0.0,0.0,
NGexp9,light,100,eeg_rel_delta,0.442967763715091,1.4,0.016077777352778225,0.17035501638381678,0.13001509004138334,0.9000000000000021
NGexp9,light,100,heart_rate_hr_bpm,3.53814170357334,4.4,2.1708760191814047,21.759018850253376,14.64710511828315,6.300000000000001
NGexp9,light,100,hrv_sdnn_ms,1.4671255474554243,7.3,0.7637066424316219,7.675594802958966,13.601276169785837,10.45
NGexp9,light,100,pupil_diameter_mm,30.6152341163808,3.1,14.188470745032753,142.6781921164746,498.89844681997806,16.6
NGexp9,light,100,respiration_resp_bpm,23.081451590374545,2.1,10.44628849419865,105.00254819362151,64.88486719078637,3.9000000000000004
NGexp9,light,100,rr_variability_ms,31.763376586601314,5.1,21.618355901978255,217.70949637161286,182.17286129617415,9.200000000000003
