metric,feature,n_obs,n_mice,freq_effect_40_vs_100,freq_p,anes_effect,anes_p,interaction,interaction_p,deep_median_diff,deep_n_mice,deep_wilcoxon_p,deep_dz,light_median_diff,light_n_mice,light_wilcoxon_p,light_dz,freq_p_fdr,interaction_p_fdr,light_wilcoxon_p_fdr,deep_wilcoxon_p_fdr
eeg_bsr,peak,124,4,-0.01010526801484741,0.8775036040122017,-0.5181256215942542,2.141840475402225e-17,-0.03326953800730253,0.7070784422636973,-0.10391099999999998,3,0.5,-0.849426138275933,-0.0568,4,0.5,-0.8253978292910444,0.8775036040122017,0.8393112970663976,0.7291666666666667,0.875
eeg_bsr,latency_to_peak_s,124,4,1.092348105812921,0.6348828881034426,-7.910590032387694,0.00023342616764771384,-1.2230539869763706,0.6934846668834871,1.8499999999999996,3,0.25,2.424797757619892,0.0,4,1.0,-0.20881008401605144,0.8798648706524953,0.9580907240364817,1.0,0.35
eeg_bsr,mean_0_10,124,4,-0.02250177151237591,0.5968458042546914,-0.21231678677591528,8.36022545330785e-08,0.001776943337515188,0.9753191997532599,-0.026292255813953516,3,0.75,-0.5467457314512172,0.0,4,1.0,,0.8355841259565678,0.9753191997532599,1.0,1.0
eeg_bsr,auc_0_10,124,4,-0.19334310100849633,0.5933880438508714,-1.8003843293853332,9.35507726913106e-08,0.018465560355780408,0.9698712541661824,-0.23260034999999968,3,0.75,-0.5490490713585786,0.0,4,1.0,,0.8307432613912199,0.9698712541661824,1.0,1.0
eeg_bsr,auc_0_30,124,4,-1.1348163627609804,0.34265165276842424,-8.434446007766098,3.6124913755813326e-14,0.18056521398730352,0.9109625686633273,-2.659207800000001,3,0.25,-1.57781110599118,0.0,4,1.0,-0.41095827175863275,0.47971231387579394,0.9109625686633273,1.0,0.7
eeg_bsr,return_s,65,4,2.499999999215472,0.3231398409724331,3.000000008826026,0.3390136759806571,-11.519999999058191,0.011436455654483025,2.150000000000002,3,0.75,0.25341756435970847,-4.85,3,0.25,-5.233545920896451,0.49868749670645424,0.08005518958138118,0.65625,1.0
eeg_rel_delta,peak,124,4,-0.0683696580582577,0.4894156633617206,0.34767200314133784,0.00012414848073482576,0.037407375863290536,0.7829701429236937,-0.0023726192363147103,3,0.25,-0.6012841456616769,-0.034287047079578636,4,0.375,-0.4987412517998494,0.5819701069221755,0.8393112970663976,0.7291666666666667,0.875
eeg_rel_delta,latency_to_peak_s,124,4,-3.558109802035354,0.09865594803196513,-2.3979497054856993,0.23078357709170105,6.084090619481815,0.03607190338883196,-3.7499999999999982,3,0.25,-1.7114978362604818,6.0,4,0.375,0.7248060825692908,0.690591636223756,0.25250332372182377,0.65625,0.35
eeg_rel_delta,mean_0_10,124,4,-0.05843587323093684,0.16942505737867264,0.08560162540851286,0.029662785704968678,-0.009666815619033512,0.8665665030805076,-0.09423376568362568,3,0.25,-2.222710651688495,-0.060590254821989584,4,0.625,-0.5439822334569014,0.5610679237033269,0.9753191997532599,0.875,0.875
eeg_rel_delta,auc_0_10,124,4,-0.4990668419457396,0.16867438509901256,0.7290250279870989,0.029840918778598974,-0.08748362823090675,0.8584402740462418,-0.7975287480563107,3,0.25,-2.1060411141371143,-0.521974811320889,4,0.625,-0.5680612135308227,0.5575971431390927,0.9698712541661824,1.0,0.875
eeg_rel_delta,auc_0_30,124,4,-1.2412546689001183,0.13426340603878537,1.6500568966237208,0.031526354965639214,0.18467753509824383,0.8691880840654586,-1.942555210567421,3,0.5,-0.7926404460982527,0.06748758167917368,4,1.0,-0.4180917289385441,0.4699219211357488,0.9109625686633273,1.0,0.7
eeg_rel_delta,return_s,124,4,0.20851460348547152,0.6257645464043153,-0.041956487798078104,0.9160747050228919,0.44662491793046294,0.4387051610694991,0.10000000000000053,3,1.0,7.233884268268379e-16,0.4749999999999983,4,0.375,0.45770864827301366,0.6257645464043153,0.6141872254972987,0.65625,1.0
heart_rate_hr_bpm,peak,124,4,1.7537988891753584,0.19289518152212393,0.18019255186503566,0.885897069790297,-0.36994655131888055,0.8387859086822338,1.2375317341981482,3,0.25,1.5818478676184307,1.3530291074591108,4,0.125,1.084264188383707,0.5819701069221755,0.8393112970663976,0.4375,0.875
heart_rate_hr_bpm,latency_to_peak_s,124,4,-0.9649231549031351,0.7118178147932406,-2.188517304375402,0.3672283950673618,-1.867584418447999,0.5965932903040017,-1.8999999999999995,3,1.0,0.1452367336500998,-2.575,4,0.625,-0.2916132871957734,0.8798648706524953,0.9580907240364817,0.7291666666666667,1.0
heart_rate_hr_bpm,mean_0_10,124,4,0.5555173019695557,0.2404576815871401,-0.38449682368667865,0.383517497144634,0.0771388875808677,0.9039124013235498,0.17141968358093587,3,0.5,0.6431377615742532,0.012014135176708074,4,0.875,0.460233872886085,0.5610679237033269,0.9753191997532599,1.0,1.0
heart_rate_hr_bpm,auc_0_10,124,4,5.596991614083099,0.23897020420246828,-3.8432061054130124,0.3858000103158431,0.7566218987595359,0.9061487992448013,1.781050004212863,3,0.5,0.6498490760313201,0.14934418841027863,4,0.875,0.4650280950158356,0.5575971431390927,0.9698712541661824,1.0,1.0
heart_rate_hr_bpm,auc_0_30,124,4,18.373490172618986,0.2133812070543717,-11.948603252718721,0.38492079798297163,-5.2988875376960065,0.7903985961740969,-5.20153119929964,3,1.0,0.39129500588386174,8.74218529868037,4,0.875,0.24349893465740288,0.47971231387579394,0.9109625686633273,1.0,1.0
heart_rate_hr_bpm,return_s,111,4,1.8561939008132962,0.4877502517473691,-0.5033521446429294,0.8397340816374868,1.3031288383518702,0.7197438789592352,1.0999999999999983,3,0.75,0.25255677295119433,0.32499999999999973,4,0.875,0.3398511929434964,0.5690419603719307,0.7197438789592352,0.875,1.0
hrv_sdnn_ms,peak,124,4,-0.3886952886442766,0.4120062156449956,-0.15175897157058502,0.7364394124129139,1.0515926243163907,0.09987994024747492,0.4140986668171778,3,0.75,0.18622585406633915,-0.07246563262903247,4,0.625,-0.3100969516456646,0.5819701069221755,0.6991595817323244,0.7291666666666667,0.875
hrv_sdnn_ms,latency_to_peak_s,124,4,-2.583388096349938,0.21881165294110294,-1.761208806411277,0.36592732896950064,-0.1492398731179088,0.9580907240364817,-1.25,3,0.25,-1.297600643350558,-1.1499999999999995,4,0.125,-1.0219512331326934,0.7658407852938603,0.9580907240364817,0.4375,0.35
hrv_sdnn_ms,mean_0_10,124,4,0.04667848641561304,0.8497776291665933,0.01630215938178845,0.9434898694333197,0.3783651905295785,0.255356431941683,0.4148591225425257,3,0.25,1.2109222917588247,0.16433788995406665,4,0.375,0.6345434635942374,0.9254912674310152,0.743950275238711,0.875,0.875
hrv_sdnn_ms,auc_0_10,124,4,0.467129441280125,0.8501055324184476,0.16431488124363233,0.9432097070657629,3.795486030818947,0.2552736745960985,4.182775470291482,3,0.25,1.211258666744933,1.648667417983961,4,0.375,0.6331382913254505,0.9661023134170921,0.7434383580416262,1.0,0.875
hrv_sdnn_ms,auc_0_30,124,4,-4.4885621295591225,0.43913804008157087,3.6000978798255447,0.5060357657307797,11.771109841435743,0.13313132549636725,6.42847416231502,3,0.5,0.45502313393052196,0.8362597757283847,4,0.375,0.6625765148743981,0.5123277134284994,0.4494449283071318,0.875,0.7
hrv_sdnn_ms,return_s,114,4,1.7253085811759465,0.35620535479032445,3.168584357799717,0.06472629803873908,-2.9601877645082157,0.23252132417689753,3.1500000000000012,3,0.5,1.0767862764122482,-1.2249999999999996,4,0.5,-0.6930776472436025,0.49868749670645424,0.6141872254972987,0.7,1.0
pupil_diameter_mm,peak,124,4,13.192135117047158,0.49883152021900756,29.07815380154099,0.1099663900478939,-5.338605625955615,0.8393112970663976,0.1416294818008197,3,0.75,0.11492877180762752,27.417642266096976,4,0.125,1.3063102202883914,0.5819701069221755,0.8393112970663976,0.4375,0.875
pupil_diameter_mm,latency_to_peak_s,124,4,0.004113701770181139,0.9985322806253818,-0.6408426232632707,0.757605369118575,0.6863707969045655,0.8203714409122684,0.6000000000000001,3,0.5,0.6631320749736405,0.75,4,0.625,0.6032663074670673,0.9985322806253818,0.9580907240364817,0.7291666666666667,0.5833333333333334
pupil_diameter_mm,mean_0_10,124,4,4.365922687966174,0.5496229908000184,3.4853956732465545,0.6078422035316007,20.593113583886044,0.0367692500975074,-0.19432043330924031,3,1.0,0.49066203592815005,23.369556843687064,4,0.25,1.0066462133499439,0.8355841259565678,0.25738475068255184,0.875,1.0
pupil_diameter_mm,auc_0_10,124,4,43.58685528472551,0.551881417955971,35.07393191185209,0.6070286580934742,206.66156408366047,0.03685636737845811,-2.0945218302439343,3,1.0,0.48636384204182936,234.7320241084748,4,0.25,1.0048267210162314,0.8307432613912199,0.2579945716492068,1.0,1.0
pupil_diameter_mm,auc_0_30,124,4,223.35326928099272,0.30252401097279,145.54827884677582,0.47034389384532205,607.1011047019143,0.038088037011632554,216.24284999218764,3,0.5,0.48043951510334754,626.2611825979404,4,0.125,3.4892529095728846,0.47971231387579394,0.2666162590814279,0.875,0.7
pupil_diameter_mm,return_s,103,4,3.414486055261875,0.26155009287864606,0.3638411412836016,0.8987708530360813,3.599331674638802,0.3901899164827486,1.3999999999999986,3,1.0,0.03141533489740357,8.049999999999997,4,0.25,0.9554728006628528,0.49868749670645424,0.6141872254972987,0.65625,1.0
respiration_resp_bpm,peak,124,4,9.43186804036732,0.22490773525217111,-29.048048119726126,5.901800857346613e-05,-6.412777238310332,0.5409539315476963,-0.52017462621032,3,1.0,0.3857009467772552,0.4868056613749321,4,0.875,0.27893499516042525,0.5819701069221755,0.8393112970663976,0.875,1.0
respiration_resp_bpm,latency_to_peak_s,124,4,0.3072003843633821,0.7541698891307103,-0.21553696386713941,0.8138057379219413,-0.2906773521387159,0.8262072043131921,0.9000000000000001,3,0.25,1.0365039930352118,0.7499999999999999,4,0.125,2.0789148695076047,0.8798648706524953,0.9580907240364817,0.4375,0.35
respiration_resp_bpm,mean_0_10,124,4,8.547073872836128,0.058165097840738963,-18.31668982589993,1.2827012299316011e-05,-6.069753414422866,0.3188358322451619,-0.4495711501175279,3,1.0,0.3584347062821421,0.6228087977480152,4,0.625,0.36287602853307477,0.4071556848851728,0.743950275238711,0.875,1.0
respiration_resp_bpm,auc_0_10,124,4,85.77859870870859,0.05826385893453164,-184.33923030263978,1.2229169954970969e-05,-60.96773703197985,0.31861643916069693,-4.211251611921057,3,1.0,0.35862925465700457,6.245106029524912,4,0.625,0.3602495007598396,0.4078470125417215,0.7434383580416262,1.0,1.0
respiration_resp_bpm,auc_0_30,124,4,351.7153976572355,0.009295944053823328,-333.3570430961202,0.00801478975735798,-237.76810761499863,0.19261925498877075,119.09018161250322,3,0.25,0.8770633324523003,88.6323723373861,4,0.625,0.48205395119372074,0.0650716083767633,0.4494449283071318,1.0,0.7
respiration_resp_bpm,return_s,122,4,7.6166527338729635,0.0029827955806549615,-2.8984903582878236,0.2249148821951351,-3.354658500905941,0.33618423335876835,12.200000000000001,3,0.25,1.3864339348055692,4.300000000000001,4,0.375,0.5014529785492218,0.02087956906458473,0.6141872254972987,0.65625,0.875
rr_variability_ms,peak,120,4,9.483927474281138,0.25220158345660415,-67.33803234741282,2.2831079535084213e-19,-5.322154693948776,0.6280390881820843,3.697690892976567,3,0.5,0.6406511707987087,5.226667892662071,4,0.625,0.7411478634413996,0.5819701069221755,0.8393112970663976,0.7291666666666667,0.875
rr_variability_ms,latency_to_peak_s,120,4,0.6395887891172586,0.6057098423510701,0.27421812189839745,0.8066900934374444,0.257197404368067,0.8755684241624173,0.2999999999999998,3,0.25,1.006595289950339,0.9500000000000002,4,0.25,0.713059112292265,0.8798648706524953,0.9580907240364817,0.5833333333333334,0.35
rr_variability_ms,mean_0_10,118,4,0.6335699158999785,0.9254912674310152,-45.66513201979687,2.1892352522963837e-13,-2.069998748832181,0.8177399150764785,0.6991411338408255,3,0.75,0.07668832831574202,0.20919276190414404,4,0.625,0.31562822950092506,0.9254912674310152,0.9753191997532599,0.875,1.0
rr_variability_ms,auc_0_10,118,4,-2.8449848232277413,0.9661023134170921,-463.5391412588369,4.839660138575488e-14,-8.030696396368361,0.927907814938594,-96.94173479737981,3,1.0,-0.19039222901881067,-13.658273577261134,4,0.875,-0.07659803712964566,0.9661023134170921,0.9698712541661824,1.0,1.0
rr_variability_ms,auc_0_30,120,4,-11.561177207726528,0.8905021172699681,-667.374576267564,1.4276295409739863e-18,13.525929565064544,0.9033278479522904,-144.21126141885452,3,1.0,-0.08975156834468384,49.5328858855401,4,0.375,0.5994305115607529,0.8905021172699681,0.9109625686633273,0.875,1.0
rr_variability_ms,return_s,120,4,-2.3170929643715374,0.029297319181497746,-0.8274728059065593,0.38976916435324926,0.7919574687700304,0.5746303760197081,-2.9999999999999982,3,0.25,-2.6188604121697394,-1.425000000000002,4,0.875,-0.3744493626915306,0.10254061713524212,0.6704021053563262,0.875,0.875
